$primary$,$original$
$chesapeake operating, inc.$,$chesapeake operating, inc.$
$anadarko petroleum corporation$,$anadarko petroleum corporation$
$xto energy/exxonmobil$,$xto energy/exxonmobil$
$pioneer natural resources$,$pioneer natural resources$
$devon energy production company l. p.$,$devon energy production company l. p.$
$occidental oil and gas$,$occidental oil and gas$
$apache corporation$,$apache corporation$
$marathon oil$,$marathon oil$
$eog resources, inc.$,$eog resources, inc.$
$conocophillips company/burlington resources$,$conocophillips company/burlington resources$
$newfield exploration$,$newfield exploration$
$noble energy, inc.$,$noble energy, inc.$
$continental resources, inc$,$continental resources, inc$
$whiting petroleum$,$whiting petroleum$
$sandridge energy$,$sandridge energy$
$encana oil & gas (usa) inc.$,$encana oil & gas (usa) inc.$
$chevron usa inc.$,$chevron usa inc.$
$aera energy llc$,$aera energy llc$
$bhp billiton petroleum$,$bhp billiton petroleum$
$ep energy$,$ep energy$
$qep energy company$,$qep energy company$
$cog operating llc$,$cog operating llc$
$southwestern energy$,$southwestern energy$
$wpx energy$,$wpx energy$
$energen resources corporation$,$energen resources corporation$
$murphy exploration and production usa$,$murphy exploration and production usa$
$hess corporation$,$hess corporation$
$fasken oil and ranch, ltd.$,$fasken oil and ranch, ltd.$
$pdc energy$,$pdc energy$
$enervest, ltd.$,$enervest, ltd.$
$oasis petroleum$,$oasis petroleum$
$sm energy$,$sm energy$
$bill barrett corp$,$bill barrett corp$
$bp america production company$,$bp america production company$
$range resources corporation$,$range resources corporation$
$carrizo oil & gas, inc.$,$carrizo oil & gas, inc.$
$eqt production$,$eqt production$
$cabot oil & gas corp$,$cabot oil & gas corp$
$cimarex energy co.$,$cimarex energy co.$
$ultra resources$,$ultra resources$
$shell oil company affiliate$,$shell oil company affiliate$
$antero resources corporation$,$antero resources corporation$
$statoil oil & gas lp$,$statoil oil & gas lp$
$parsley energy operations, llc$,$parsley energy operations, llc$
$crescent point energy us corp$,$crescent point energy us corp$
$exco resources, inc.$,$exco resources, inc.$
$laredo petroleum, inc.$,$laredo petroleum, inc.$
$linn energy, llc$,$linn energy, llc$
$athlon energy operating llc$,$athlon energy operating llc$
$hunt oil company$,$hunt oil company$
$crownquest operating, llc$,$crownquest operating, llc$
$midstates petroleum company$,$midstates petroleum company$
$rosetta resources$,$rosetta resources$
$endeavor energy resources$,$endeavor energy resources$
$mewbourne oil company$,$mewbourne oil company$
$bonanza creek energy, inc.$,$bonanza creek energy, inc.$
$diamondback e&p llc$,$diamondback e&p llc$
$rsp permian, llc$,$rsp permian, llc$
$penn virginia corporation$,$penn virginia corporation$
$citation oil and gas corp.$,$citation oil and gas corp.$
$talisman energy usa inc.$,$talisman energy usa inc.$
$synergy resources corporation$,$synergy resources corporation$
$fiml natural resources, llc$,$fiml natural resources, llc$
$consol energy inc.$,$consol energy inc.$
$samson$,$samson$
$alta mesa services, lp$,$alta mesa services, lp$
$kodiak oil & gas corp$,$kodiak oil & gas corp$
$matador production company$,$matador production company$
$comstock oil & gas$,$comstock oil & gas$
$atlas energy, l.p.$,$atlas energy, l.p.$
$great western oil & gas company, llc$,$great western oil & gas company, llc$
$lewis energy group$,$lewis energy group$
$sheridan production company, llc$,$sheridan production company, llc$
$petro hunt, l.l.c.$,$petro hunt, l.l.c.$
$ring energy, inc.$,$ring energy, inc.$
$extraction oil & gas llc$,$extraction oil & gas llc$
$berry petroleum$,$berry petroleum$
$unit petroleum$,$unit petroleum$
$jonah energy llc$,$jonah energy llc$
$rki exploration & production$,$rki exploration & production$
$ascent resources - utica, llc$,$ascent resources - utica, llc$
$gulfport energy corporation$,$gulfport energy corporation$
$lenorman operating llc$,$lenorman operating llc$
$statoil texas onshore properties llc$,$statoil texas onshore properties llc$
$sanchez oil & gas corporation$,$sanchez oil & gas corporation$
$chaparral energy, llc$,$chaparral energy, llc$
$seneca resources corporation$,$seneca resources corporation$
$jones energy llc$,$jones energy llc$
$clayton williams energy, inc.$,$clayton williams energy, inc.$
$sabine oil & gas llc$,$sabine oil & gas llc$
$hilcorp energy company$,$hilcorp energy company$
$slawson exploration company, inc.$,$slawson exploration company, inc.$
$callon petroleum operating company$,$callon petroleum operating company$
$finley resources, inc.$,$finley resources, inc.$
$halcon resources corporation$,$halcon resources corporation$
$forest oil corporation$,$forest oil corporation$
$indigo minerals$,$indigo minerals$
$highmount exploration & production$,$highmount exploration & production$
$summit petroleum llc$,$summit petroleum llc$
$plains exploration & production company$,$plains exploration & production company$
$sn operating, llc$,$sn operating, llc$
$bayswater exploration & production, llc$,$bayswater exploration & production, llc$
$surge operating, llc$,$surge operating, llc$
$newark e&p operating, llc$,$newark e&p operating, llc$
$j cleo thompson$,$j cleo thompson$
$henry resources llc$,$henry resources llc$
$three rivers operating co ii llc$,$three rivers operating co ii llc$
$three rivers operating co ii llc$,$three rivers operating co iii llc$
$juno operating company ii, llc$,$juno operating company ii, llc$
$juno operating company ii, llc$,$juno operating company iii, llc$
$wildhorse resources llc$,$wildhorse resources llc$
$rex energy$,$rex energy$
$sundance energy$,$sundance energy$
$enerplus resources (usa) corporation$,$enerplus resources (usa) corporation$
$petroquest energy llc$,$petroquest energy llc$
$sn ef maverick, llc$,$sn ef maverick, llc$
$vine oil & gas lp$,$vine oil & gas lp$
$swift energy operating, llc$,$swift energy operating, llc$
$resolute natural resources$,$resolute natural resources$
$centennial resource production, llc$,$centennial resource production, llc$
$ursa operating company llc$,$ursa operating company llc$
$tep rocky mountain llc$,$tep rocky mountain llc$
$stonegate production$,$stonegate production$
$caerus oil and gas llc$,$caerus oil and gas llc$
$custer & wright operating, inc$,$custer & wright operating, inc$
$breitburn$,$breitburn$
$discovery natural resources llc$,$discovery natural resources llc$
$valence operating company$,$valence operating company$
$fourpoint energy$,$fourpoint energy$
$hrc operating, llc.$,$hrc operating, llc.$
$triangle usa petroleum corporation$,$triangle usa petroleum corporation$
$abraxas petroleum corporation$,$abraxas petroleum corporation$
$petroglyph operating company, inc.$,$petroglyph operating company, inc.$
$cimarex energy co. of colorado$,$cimarex energy co. of colorado$
$trinity operating (usg), llc$,$trinity operating (usg), llc$
$chief oil & gas$,$chief oil & gas$
$g3 operating, llc.$,$g3 operating, llc.$
$quantum resources management, llc$,$quantum resources management, llc$
$rice drilling b, llc$,$rice drilling b, llc$
$kinder morgan$,$kinder morgan$
$delta oil & gas ltd.$,$delta oil & gas ltd.$
$eclipse resources i, lp$,$eclipse resources i, lp$
$w&t offshore, inc.$,$w&t offshore, inc.$
$lime rock resources, lp$,$lime rock resources, lp$
$jagged peak energy$,$jagged peak energy$
$tanos exploration ii, llc$,$tanos exploration ii, llc$
$reliance energy, inc$,$reliance energy, inc$
$scout energy partners$,$scout energy partners$
$patriot resources, inc.$,$patriot resources, inc.$
$cheyenne petroleum company$,$cheyenne petroleum company$
$el paso e&p company$,$el paso e&p company$
$brigadier operating llc$,$brigadier operating llc$
$goodrich petroleum company, llc$,$goodrich petroleum company, llc$
$fidelity exploration & production$,$fidelity exploration & production$
$tapstone energy$,$tapstone energy$
$blackbrush o & g, llc$,$blackbrush o & g, llc$
$citizen energy ii$,$citizen energy ii$
$ppc operating company llc$,$ppc operating company llc$
$wexpro company$,$wexpro company$
$hadaway consulting and engineering, llc$,$hadaway consulting and engineering, llc$
$white star petroleum, llc$,$white star petroleum, llc$
$freeport-mcmoran oil & gas$,$freeport-mcmoran oil & gas$
$silver creek oil & gas, llc$,$silver creek oil & gas, llc$
$american energy permian basin$,$american energy permian basin$
$texas american resources company$,$texas american resources company$
$pennenergy resources, llc$,$pennenergy resources, llc$
$longfellow energy, lp$,$longfellow energy, lp$
$american energy - woodford, llc$,$american energy - woodford, llc$
$aethon energy operating llc$,$aethon energy operating llc$
$quicksilver resources inc.$,$quicksilver resources inc.$
$merit energy company llc$,$merit energy company llc$
$crestone peak resources$,$crestone peak resources$
$merit energy company$,$merit energy company$
$range louisiana operating, llc$,$range louisiana operating, llc$
$legacy reserves operating lp$,$legacy reserves operating lp$
$mack energy co.$,$mack energy co.$
$forge energy, llc$,$forge energy, llc$
$crimson exploration oper. inc.$,$crimson exploration oper. inc.$
$four corners petroleum ii, llc$,$four corners petroleum ii, llc$
$hannathon petroleum, llc$,$hannathon petroleum, llc$
$rosehill operating company, llc$,$rosehill operating company, llc$
$gastar exploration inc.$,$gastar exploration inc.$
$blackbeard operating$,$blackbeard operating$
$hinkle oil & gas, inc.$,$hinkle oil & gas, inc.$
$u.s. energy development corp.$,$u.s. energy development corp.$
$laramie energy, llc$,$laramie energy, llc$
$penn virginia oil & gas corporation$,$penn virginia oil & gas corporation$
$enduring resources llc$,$enduring resources llc$
$piceance energy, llc$,$piceance energy, llc$
$approach resources$,$approach resources$
$axia energy, llc$,$axia energy, llc$
$vitruvian exploration ii, llc$,$vitruvian exploration ii, llc$
$kraken operating llc$,$kraken operating llc$
$sabine oil & gas corporation$,$sabine oil & gas corporation$
$chisholm oil and gas operating, llc$,$chisholm oil and gas operating, llc$
$jetta operating company, inc$,$jetta operating company, inc$
$cnx gas company llc$,$cnx gas company llc$
$vantage fort worth energy llc$,$vantage fort worth energy llc$
$emerald oil inc$,$emerald oil inc$
$aruba petroleum, inc.$,$aruba petroleum, inc.$
$steward energy ii, llc$,$steward energy ii, llc$
$exl petroleum, lp$,$exl petroleum, lp$
$sanguine gas exploration$,$sanguine gas exploration$
$gep haynesville, llc$,$gep haynesville, llc$
$primexx operating corporation$,$primexx operating corporation$
$snyder brothers inc.$,$snyder brothers inc.$
$lcs production company$,$lcs production company$
$rover petroleum operating, llc$,$rover petroleum operating, llc$
$strat land exploration co$,$strat land exploration co$
$sem operating company, llc$,$sem operating company, llc$
$covey park gas$,$covey park gas$
$saga petroleum llc$,$saga petroleum llc$
$oak valley operating, llc$,$oak valley operating, llc$
$j-w operating company$,$j-w operating company$
$edgemarc energy holdings, llc$,$edgemarc energy holdings, llc$
$northeast natural energy llc$,$northeast natural energy llc$
$broad oak energy ii llc$,$broad oak energy ii llc$
$mid-con energy operating, llc$,$mid-con energy operating, llc$
$laredo energy operating, llc$,$laredo energy operating, llc$
$capitan energy inc$,$capitan energy inc$
$denbury onshore, llc$,$denbury onshore, llc$
$energy corporation of america$,$energy corporation of america$
$roan resources llc$,$roan resources llc$
$pennsylvania general energy$,$pennsylvania general energy$
$mrd operating llc$,$mrd operating llc$
$sundown energy l.p.$,$sundown energy l.p.$
$exco/hgi jv assets, llc$,$exco/hgi jv assets, llc$
$four corners petroleum$,$four corners petroleum$
$discovery operating, inc.$,$discovery operating, inc.$
$phoenix petrocorp, inc.$,$phoenix petrocorp, inc.$
$sable permian resources$,$sable permian resources$
$jay-bee oil & gas, inc.$,$jay-bee oil & gas, inc.$
$catamount energy partners$,$catamount energy partners$
$cobra oil & gas corporation$,$cobra oil & gas corporation$
$md america energy llc$,$md america energy llc$
$felix energy holdings ii, llc$,$felix energy holdings ii, llc$
$energy & exploration partners operating, lp$,$energy & exploration partners operating, lp$
$element petro operating ii, llc$,$element petro operating ii, llc$
$k.p. kauffman company$,$k.p. kauffman company$
$parallel petroleum llc$,$parallel petroleum llc$
$eagle rock mid-continent operating, llc$,$eagle rock mid-continent operating, llc$
$brigham resources operating, llc$,$brigham resources operating, llc$
$zavanna, llc$,$zavanna, llc$
$samson exploration, llc$,$samson exploration, llc$
$vantage energy appalachia ii llc$,$vantage energy appalachia ii llc$
$baytex energy usa ltd$,$baytex energy usa ltd$
$tep barnett usa, llc$,$tep barnett usa, llc$
$walsh & watts, inc.$,$walsh & watts, inc.$
$guidon energy management services llc$,$guidon energy management services llc$
$burnett oil co., inc.$,$burnett oil co., inc.$
$pinedale energy partners operating llc$,$pinedale energy partners operating llc$
$pri operating, llc$,$pri operating, llc$
$murex petroleum corp.$,$murex petroleum corp.$
$fdl operating, llc$,$fdl operating, llc$
$bravo arkoma llc$,$bravo arkoma llc$
$silverbow resources$,$silverbow resources$
$sabalo operating, llc$,$sabalo operating, llc$
$urban oil and gas group$,$urban oil and gas group$
$sabinal energy$,$sabinal energy$
$stephens & johnson operating co.$,$stephens & johnson operating co.$
$american eagle energy corporation$,$american eagle energy corporation$
$jma energy company$,$jma energy company$
$foreland operating, llc$,$foreland operating, llc$
$peregrine petroleum partners, ltd$,$peregrine petroleum partners, ltd$
$fulcrum exploration, llc.$,$fulcrum exploration, llc.$
$big star oil & gas, llc$,$big star oil & gas, llc$
$compass energy operating, llc$,$compass energy operating, llc$
$berry petroleum company, llc$,$berry petroleum company, llc$
$southwest royalties, inc.$,$southwest royalties, inc.$
$calyx energy iii, llc$,$calyx energy iii, llc$
$land and natural resource development, inc$,$land and natural resource development, inc$
$pmo$,$pmo$
$texland petroleum, lp$,$texland petroleum, lp$
$tarka energy, llc$,$tarka energy, llc$
$unitex oil company$,$unitex oil company$
$reoc, llc$,$reoc, llc$
$silver hill energy partners, llc$,$silver hill energy partners, llc$
$brg lone star ltd$,$brg lone star ltd$
$nine point energy, llc$,$nine point energy, llc$
$lonestar resources, inc.$,$lonestar resources, inc.$
$interstate explorations llc$,$interstate explorations llc$
$triad hunter llc.$,$triad hunter llc.$
$liberty resources management company, llc$,$liberty resources management company, llc$
$anschutz oil company, llc$,$anschutz oil company, llc$
$statoil usa onshore properties inc.$,$statoil usa onshore properties inc.$
$pantera energy company$,$pantera energy company$
$bc operating, inc.$,$bc operating, inc.$
$casillas operating, llc$,$casillas operating, llc$
$killam oil co., ltd.$,$killam oil co., ltd.$
$rockcliff energy operating$,$rockcliff energy operating$
$cantera operating llc$,$cantera operating llc$
$stone energy corporation$,$stone energy corporation$
$buffco production,inc$,$buffco production,inc$
$california resources corporation$,$california resources corporation$
$glb exploration, inc.$,$glb exploration, inc.$
$charter oak production co., llc$,$charter oak production co., llc$
$repsol o&g, llc.$,$repsol o&g, llc.$
$jamex, inc.$,$jamex, inc.$
$elevation resources, llc$,$elevation resources, llc$
$ward petroleum$,$ward petroleum$
$clear fork, inc.$,$clear fork, inc.$
$bold operating, llc$,$bold operating, llc$
$payrock energy, llc$,$payrock energy, llc$
$bta oil producers llc$,$bta oil producers llc$
$legacy oil & gas nd, inc.$,$legacy oil & gas nd, inc.$
$kodiak oil & gas, inc.$,$kodiak oil & gas, inc.$
$nadel and gussman permian, llc$,$nadel and gussman permian, llc$
$verdad oil and gas corporation$,$verdad oil and gas corporation$
$bluestem energy$,$bluestem energy$
$cinco natural resources corporation$,$cinco natural resources corporation$
$wishbone texas operating co.$,$wishbone texas operating co.$
$axia energy ii, llc$,$axia energy ii, llc$
$tema oil and gas company$,$tema oil and gas company$
$bluestone natural resources$,$bluestone natural resources$
$bridwell oil company$,$bridwell oil company$
$halc?n operating co., inc.$,$halc?n operating co., inc.$
$bluefin resources llc$,$bluefin resources llc$
$veritas energy, llc$,$veritas energy, llc$
$zenergy, inc.$,$zenergy, inc.$
$kaiser-francis oil company$,$kaiser-francis oil company$
$nbl permian llc$,$nbl permian llc$
$layline petroleum$,$layline petroleum$
$de3 operating llc$,$de3 operating llc$
$atlantic operating, inc.$,$atlantic operating, inc.$
$eagleridge energy, llc$,$eagleridge energy, llc$
$venado oil & gas llc$,$venado oil & gas llc$
$wg operating, inc.$,$wg operating, inc.$
$lario oil & gas company$,$lario oil & gas company$
$cub creek energy, llc$,$cub creek energy, llc$
$rk petroleum corp.$,$rk petroleum corp.$
$rife energy operating$,$rife energy operating$
$independence resources management, llc.$,$independence resources management, llc.$
$geosouthern energy corporation$,$geosouthern energy corporation$
$dorado e&p partners, llc$,$dorado e&p partners, llc$
$corlena oil company$,$corlena oil company$
$plymouth exploration, llc$,$plymouth exploration, llc$
$memorial resource development llc$,$memorial resource development llc$
$mach resources$,$mach resources$
$atlantic exploration$,$atlantic exploration$
$dte gas resources, llc$,$dte gas resources, llc$
$blake production company, inc.$,$blake production company, inc.$
$endeavor natural gas, lp$,$endeavor natural gas, lp$
$calyx energy, llc$,$calyx energy, llc$
$summit energy management$,$summit energy management$
$extex operating company$,$extex operating company$
$steller energy & investment corp$,$steller energy & investment corp$
$arsenal resources$,$arsenal resources$
$crawley petroleum$,$crawley petroleum$
$husky ventures, inc.$,$husky ventures, inc.$
$champion lone star operating$,$champion lone star operating$
$hawkwood energy operating, llc$,$hawkwood energy operating, llc$
$prime operating company$,$prime operating company$
$canyon creek energy operating, llc$,$canyon creek energy operating, llc$
$comanche exploration co., llc$,$comanche exploration co., llc$
$payne exploration company$,$payne exploration company$
$vanguard operating, llc$,$vanguard operating, llc$
$new gulf resources, llc$,$new gulf resources, llc$
$boaz energy ii operating, llc$,$boaz energy ii operating, llc$
$holmes exploration, llc$,$holmes exploration, llc$
$lighthouse oil & gas lp$,$lighthouse oil & gas lp$
$virtex operating company, inc.$,$virtex operating company, inc.$
$bruin e&p operating, llc$,$bruin e&p operating, llc$
$red bluff resources$,$red bluff resources$
$sinclair oil & gas company$,$sinclair oil & gas company$
$choice exploration, inc.$,$choice exploration, inc.$
$ajax resources, llc$,$ajax resources, llc$
$permian resources$,$permian resources$
$c. e. harmon oil, inc.$,$c. e. harmon oil, inc.$
$geosouthern operating ii, llc$,$geosouthern operating ii, llc$
$opal resources operating company$,$opal resources operating company$
$corinthian exploration (usa) corp.$,$corinthian exploration (usa) corp.$
$tracker resource dev iii, llc$,$tracker resource dev iii, llc$
$augustus energy resources llc$,$augustus energy resources llc$
$fairway resources op. llc$,$fairway resources op. llc$
$inflection energy (pa) llc$,$inflection energy (pa) llc$
$international energy corporation of northern oklahoma$,$international energy corporation of northern oklahoma$
$international energy corporation of northern oklahoma$,$international energy corporation of northern oklahoma$
$magnum hunter resources corp$,$magnum hunter resources corp$
$covey park resources, llc$,$covey park resources, llc$
$rimrock resource operating, llc$,$rimrock resource operating, llc$
$true oil llc$,$true oil llc$
$eagle energy acquisitions lp$,$eagle energy acquisitions lp$
$willowbend investments, inc.$,$willowbend investments, inc.$
$verado energy, inc.$,$verado energy, inc.$
$cambrian management, ltd$,$cambrian management, ltd$
$laredo energy$,$laredo energy$
$elm ridge exploration co llc$,$elm ridge exploration co llc$
$headington energy partners, llc$,$headington energy partners, llc$
$stephens production company$,$stephens production company$
$impetro operating llc$,$impetro operating llc$
$escondido resources ii, llc$,$escondido resources ii, llc$
$gulftex energy iii, lp$,$gulftex energy iii, lp$
$duncan oil properties$,$duncan oil properties$
$three rivers operating company, llc$,$three rivers operating company, llc$
$ballard exploration company, inc.$,$ballard exploration company, inc.$
$jklm energy$,$jklm energy$
$sk plymouth, llc$,$sk plymouth, llc$
$american energy utica$,$american energy utica$
$mws producing, inc.$,$mws producing, inc.$
$texas energy holdings, inc.$,$texas energy holdings, inc.$
$sharp image energy, inc.$,$sharp image energy, inc.$
$council oak resources$,$council oak resources$
$tug hill operating, llc$,$tug hill operating, llc$
$wapiti operating, llc$,$wapiti operating, llc$
$trey resources inc.$,$trey resources inc.$
$titan operating, llc$,$titan operating, llc$
$mds energy development llc$,$mds energy development llc$
$el toro resources llc$,$el toro resources llc$
$tecolote energy operating, llc$,$tecolote energy operating, llc$
$pablo energy ii, llc$,$pablo energy ii, llc$
$rocky top energy$,$rocky top energy$
$mdc texas energy$,$mdc texas energy$
$arrington oil & gas operating llc$,$arrington oil & gas operating llc$
$gulf exploration, l.l.c.$,$gulf exploration, l.l.c.$
$paloma operating co, inc$,$paloma operating co, inc$
$gunn oil company$,$gunn oil company$
$felix energy llc$,$felix energy llc$
$l.e. jones operating, inc.$,$l.e. jones operating, inc.$
$tecpetrol operating llc$,$tecpetrol operating llc$
$territory resources$,$territory resources$
$legend natural gas, llc$,$legend natural gas, llc$
$trilogy operating, inc.$,$trilogy operating, inc.$
$murchison oil & gas inc$,$murchison oil & gas inc$
$mack energy corporation$,$mack energy corporation$
$gasco energy, inc.$,$gasco energy, inc.$
$alta resources$,$alta resources$
$windsor permian llc$,$windsor permian llc$
$mds energy, ltd$,$mds energy, ltd$
$freedom production, inc.$,$freedom production, inc.$
$ef energy, llc$,$ef energy, llc$
$shd oil & gas, llc$,$shd oil & gas, llc$
$tidal petroleum, inc.$,$tidal petroleum, inc.$
$escondido resources oper co$,$escondido resources oper co$
$travis peak resources, llc$,$travis peak resources, llc$
$donray petroleum llc.$,$donray petroleum llc.$
$true oil company llc$,$true oil company llc$
$e.g.l. resources, inc.$,$e.g.l. resources, inc.$
$tall city operations llc$,$tall city operations llc$
$dugan production corp.$,$dugan production corp.$
$magnolia oil & gas llc$,$magnolia oil & gas llc$
$new dominion llc$,$new dominion llc$
$fairway resources operating iii, llc$,$fairway resources operating iii, llc$
$pride energy company$,$pride energy company$
$seaboard operating co.$,$seaboard operating co.$
$mcelvain energy, inc.$,$mcelvain energy, inc.$
$jilpetco, inc.$,$jilpetco, inc.$
$altamont energy$,$altamont energy$
$triumph energy partners llc$,$triumph energy partners llc$
$mid-states operating company$,$mid-states operating company$
$walsh petroleum, inc.$,$walsh petroleum, inc.$
$american energy - utica, llc$,$american energy - utica, llc$
$highpoint operating corporation$,$highpoint operating corporation$
$permian deep rock oil co., llc$,$permian deep rock oil co., llc$
$vermilion energy usa llc$,$vermilion energy usa llc$
$pacesetter energy, llc$,$pacesetter energy, llc$
$chisholm energy operating, llc$,$chisholm energy operating, llc$
$capstone natural resources, llc$,$capstone natural resources, llc$
$green century exploration & production, llc$,$green century exploration & production, llc$
$sk e&p operations america$,$sk e&p operations america$
$red fork (usa) investments, inc.$,$red fork (usa) investments, inc.$
$cci east texas upstream llc$,$cci east texas upstream llc$
$o'benco, inc.$,$o'benco, inc.$
$capstone natural resources ii, llc$,$capstone natural resources ii, llc$
$r. lacy services, ltd$,$r. lacy services, ltd$
$camino natural resources, llc$,$camino natural resources, llc$
$southern bay operating, l.l.c.$,$southern bay operating, l.l.c.$
$meco iv, llc$,$meco iv, llc$
$arris petroleum corporation$,$arris petroleum corporation$
$northstar operating company$,$northstar operating company$
$omni oil & gas, inc.$,$omni oil & gas, inc.$
$red rocks oil & gas operating llc$,$red rocks oil & gas operating llc$
$cml exploration, llc$,$cml exploration, llc$
$petro harvester operating company llc$,$petro harvester operating company llc$
$bainbridge uinta, llc$,$bainbridge uinta, llc$
$tekton energy$,$tekton energy$
$crown energy company$,$crown energy company$
$peterson energy operating, inc.$,$peterson energy operating, inc.$
$venoco inc$,$venoco inc$
$white knight production llc$,$white knight production llc$
$edf trading resources, llc$,$edf trading resources, llc$
$walter exploration company$,$walter exploration company$
$venture oil & gas$,$venture oil & gas$
$kirkpatrick oil company$,$kirkpatrick oil company$
$carrera energy, llc$,$carrera energy, llc$
$zarvona energy$,$zarvona energy$
$confluence dj llc$,$confluence dj llc$
$burk royalty co., ltd.$,$burk royalty co., ltd.$
$trio consulting & management, llc$,$trio consulting & management, llc$
$protege energy iii llc$,$protege energy iii llc$
$rosewood resources$,$rosewood resources$
$jones energy ltd$,$jones energy ltd$
$terrace energy$,$terrace energy$
$flamingo operating, llc$,$flamingo operating, llc$
$foundation energy management, llc$,$foundation energy management, llc$
$taqa north usa, inc.$,$taqa north usa, inc.$
$elk meadows resources, llc$,$elk meadows resources, llc$
$valpoint operating, llc$,$valpoint operating, llc$
$ee3 llc$,$ee3 llc$
$red willow production, llc$,$red willow production, llc$
$s. b. street operating, inc.$,$s. b. street operating, inc.$
$three span oil & gas, inc.$,$three span oil & gas, inc.$
$brg petroleum llc$,$brg petroleum llc$
$quanah panhandle, llc$,$quanah panhandle, llc$
$white rock oil & gas, llc$,$white rock oil & gas, llc$
$lakota energy, ltd.$,$lakota energy, ltd.$
$caird operating, llc$,$caird operating, llc$
$memorial production oper. :llc$,$memorial production oper. :llc$
$nfr energy llc$,$nfr energy llc$
$bnk petroleum (us) inc$,$bnk petroleum (us) inc$
$bbx operating$,$bbx operating$
$sequel energy, llc$,$sequel energy, llc$
$patara oil & gas, llc$,$patara oil & gas, llc$
$trail ridge energy partners ii llc$,$trail ridge energy partners ii llc$
$timber creek operating$,$timber creek operating$
$staghorn petroleum ii, llc$,$staghorn petroleum ii, llc$
$walter black warrior basin llc$,$walter black warrior basin llc$
$brammer engineering, inc.$,$brammer engineering, inc.$
$black raven energy, inc.$,$black raven energy, inc.$
$roff operating company$,$roff operating company$
$gulf pine energy$,$gulf pine energy$
$bluestem energy holdings, llc$,$bluestem energy holdings, llc$
$amistad energy services, llc$,$amistad energy services, llc$
$warren american oil company$,$warren american oil company$
$stasney well service, llc$,$stasney well service, llc$
$tilford pinson exploration, llc$,$tilford pinson exploration, llc$
$corterra energy operating, llc$,$corterra energy operating, llc$
$okland oil company$,$okland oil company$
$ironwood oil and gas, llc$,$ironwood oil and gas, llc$
$crown equipment co.$,$crown equipment co.$
$premier natural resources ii, llc$,$premier natural resources ii, llc$
$covey park operating, llc$,$covey park operating, llc$
$american energy - marcellus, llc$,$american energy - marcellus, llc$
$van operating$,$van operating$
$black hills exploration and production$,$black hills exploration and production$
$element petroleum op iii,llc$,$element petroleum op iii,llc$
$ageron energy, llc.$,$ageron energy, llc.$
$enerquest operating l.l.c.$,$enerquest operating l.l.c.$
$panther energy co. ii, llc$,$panther energy co. ii, llc$
$castleton commodities international$,$castleton commodities international$
$vanguard permian llc$,$vanguard permian llc$
$eagle oil & gas co.$,$eagle oil & gas co.$
$w.t. waggoner estate$,$w.t. waggoner estate$
$wct operating, llc$,$wct operating, llc$
$lance ruffel oil and gas$,$lance ruffel oil and gas$
$sabalo exploration operating,llc$,$sabalo exploration operating,llc$
$hilcorp alaska, llc$,$hilcorp alaska, llc$
$koch exploration company, llc$,$koch exploration company, llc$
$petroplex energy inc.$,$petroplex energy inc.$
$bullet development, llc$,$bullet development, llc$
$navidad resources llc$,$navidad resources llc$
$canan operating, inc.$,$canan operating, inc.$
$sdx resources, inc.$,$sdx resources, inc.$
$tri-c resources, llc$,$tri-c resources, llc$
$tellus operating group, llc$,$tellus operating group, llc$
$wodbine acquisition llc$,$wodbine acquisition llc$
$wodbine acquisition llc$,$woodbine acquisition llc$
$paul gillham oil company$,$paul gillham oil company$
$the cumming company, inc.$,$the cumming company, inc.$
$caelus energy$,$caelus energy$
$gaedeke oil & gas operating, llc$,$gaedeke oil & gas operating, llc$
$blackbrush o & g, inc.$,$blackbrush o & g, inc.$
$griffin petroleum company$,$griffin petroleum company$
$stroud petroleum, inc.$,$stroud petroleum, inc.$
$texegy operating company llc$,$texegy operating company llc$
$petroshare corp$,$petroshare corp$
$eagle road oil llc$,$eagle road oil llc$
$harmonia petroleum corporation$,$harmonia petroleum corporation$
$marlin energy resources, llc$,$marlin energy resources, llc$
$fifth creek energy operating company llc$,$fifth creek energy operating company llc$
$omimex petroleum inc.$,$omimex petroleum inc.$
$pt petroleum, llc.$,$pt petroleum, llc.$
$worsham-steed gas storage, llc$,$worsham-steed gas storage, llc$
$titan energy, llc$,$titan energy, llc$
$tamarack petroleum company, inc.$,$tamarack petroleum company, inc.$
$mustang fuel corporation$,$mustang fuel corporation$
$cholla petroleum, inc.$,$cholla petroleum, inc.$
$bopco, lp$,$bopco, lp$
$gordon creek, llc.$,$gordon creek, llc.$
$petro harvester operating company, llc$,$petro harvester operating company, llc$
$mineral resources, inc$,$mineral resources, inc$
$txon partners llc$,$txon partners llc$
$logos operating, llc$,$logos operating, llc$
$missouri river resources$,$missouri river resources$
$apollo operating, llc$,$apollo operating, llc$
$windy cove energy ii, llc$,$windy cove energy ii, llc$
$stout energy inc.$,$stout energy inc.$
$saddle operating, llc$,$saddle operating, llc$
$scala energy operating llc$,$scala energy operating llc$
$verdun oil company$,$verdun oil company$
$spess oil company$,$spess oil company$
$forty acres energy llc$,$forty acres energy llc$
$primary natural resources iii$,$primary natural resources iii$
$cisco operating, llc$,$cisco operating, llc$
$jmh production, llc$,$jmh production, llc$
$rhdk oil & gas, llc$,$rhdk oil & gas, llc$
$partee drilling inc$,$partee drilling inc$
$meritage energy company, llc$,$meritage energy company, llc$
$blue dolphin production, llc$,$blue dolphin production, llc$
$treadstone energy partners, llc$,$treadstone energy partners, llc$
$triple crown resources$,$triple crown resources$
$helis oil & gas company, l.l.c.$,$helis oil & gas company, l.l.c.$
$hogback exploration, inc$,$hogback exploration, inc$
$coachman energy / cynosure energy$,$coachman energy / cynosure energy$
$petroedge energy iv, llc$,$petroedge energy iv, llc$
$limestone exploration ii, llc$,$limestone exploration ii, llc$
$redland resources, inc.$,$redland resources, inc.$
$greylock production llc$,$greylock production llc$
$energyquest ii, llc$,$energyquest ii, llc$
$de operating llc$,$de operating llc$
$latigo petroleum, llc$,$latigo petroleum, llc$
$kj energy, llc$,$kj energy, llc$
$amplify energy corp$,$amplify energy corp$
$midville energy$,$midville energy$
$vitruvian exploration iv, llc$,$vitruvian exploration iv, llc$
$nadel and gussman$,$nadel and gussman$
$apex energy llc$,$apex energy llc$
$truevine operating, llc$,$truevine operating, llc$
$wbh energy partners llc$,$wbh energy partners llc$
$endurance resources llc$,$endurance resources llc$
$cep mid-continent llc$,$cep mid-continent llc$
$eagle exploration production, llc$,$eagle exploration production, llc$
$firewheel operating, llc$,$firewheel operating, llc$
$tacor resources, inc.$,$tacor resources, inc.$
$p.o.&g. operating, llc$,$p.o.&g. operating, llc$
$renegade oil & gas company, llc$,$renegade oil & gas company, llc$
$bam permian operating, llc$,$bam permian operating, llc$
$badlands energy - utah, llc$,$badlands energy - utah, llc$
$d&j oil co., inc$,$d&j oil co., inc$
$cbp operating llc$,$cbp operating llc$
$triad energy, inc.$,$triad energy, inc.$
$rock oil company$,$rock oil company$
$bvx operating inc.$,$bvx operating inc.$
$ica energy operating, llc$,$ica energy operating, llc$
$bluescape resources$,$bluescape resources$
$mountaineer keystone, llc$,$mountaineer keystone, llc$
$tradition resources llc$,$tradition resources llc$
$derby exploration$,$derby exploration$
$greystone petroleum$,$greystone petroleum$
$cross timbers energy, llc$,$cross timbers energy, llc$
$spring operating company$,$spring operating company$
$treadstone energy partners operating, llc$,$treadstone energy partners operating, llc$
$cinnabar energy, ltd.$,$cinnabar energy, ltd.$
$89 energy$,$89 energy$
$crimson energy partners iv, llc$,$crimson energy partners iv, llc$
$legado permian, llc$,$legado permian, llc$
$williams oil company$,$williams oil company$
$three summits operating llc$,$three summits operating llc$
$fuse energy, llc$,$fuse energy, llc$
$liberty resources llc$,$liberty resources llc$
$earthstone operating, llc$,$earthstone operating, llc$
$discovery oil and gas, llc$,$discovery oil and gas, llc$
$franks exploration company, llc$,$franks exploration company, llc$
$echo e&p llc$,$echo e&p llc$
$bison oil & gas ii, llc$,$bison oil & gas ii, llc$
$u.s. enercorp, ltd.$,$u.s. enercorp, ltd.$
$vanguard natural resources, llc$,$vanguard natural resources, llc$
$mak-j energy colorado, llc.$,$mak-j energy colorado, llc.$
$john m. clark, inc.$,$john m. clark, inc.$
$sklar exploration company l.l.c.$,$sklar exploration company l.l.c.$
$sierra resources, llc$,$sierra resources, llc$
$sg interests i ltd.$,$sg interests i ltd.$
$royalty land & dev. co., inc.$,$royalty land & dev. co., inc.$
$petroshale (us), inc.$,$petroshale (us), inc.$
$dallas production, inc$,$dallas production, inc$
$arsenal energy usa inc.$,$arsenal energy usa inc.$
$red mountain operating llc$,$red mountain operating llc$
$teal natural resources$,$teal natural resources$
$mountain divide llc$,$mountain divide llc$
$postrock midcontinent production llc$,$postrock midcontinent production llc$
$mesa energy partners, llc$,$mesa energy partners, llc$
$armor energy, llc$,$armor energy, llc$
$elk river resouces, llc.$,$elk river resouces, llc.$
$percussion petroleum llc$,$percussion petroleum llc$
$cirque resources lp$,$cirque resources lp$
$fha operating$,$fha operating$
$lewis operating co.$,$lewis operating co.$
$excalibur reserouces$,$excalibur reserouces$
$greystone oil & gas llp$,$greystone oil & gas llp$
$ricochet energy, inc.$,$ricochet energy, inc.$
$century exploration houston, llc$,$century exploration houston, llc$
$roberson oil company, inc.$,$roberson oil company, inc.$
$trilogy resources, llc$,$trilogy resources, llc$
$stone creek operating, llc$,$stone creek operating, llc$
$emerald oil llc$,$emerald oil llc$
$sojourner drilling corporation$,$sojourner drilling corporation$
$wave petroleum operating, llc$,$wave petroleum operating, llc$
$north plains energy, llc$,$north plains energy, llc$
$keystone petroleum nm llc$,$keystone petroleum nm llc$
$comanche resources company$,$comanche resources company$
$rox exploration, inc.$,$rox exploration, inc.$
$fivestones energy llc$,$fivestones energy llc$
$suemaur expl. & prod., llc$,$suemaur expl. & prod., llc$
$juneau energy, llc$,$juneau energy, llc$
$raw oil & gas, inc.$,$raw oil & gas, inc.$
$square mile energy, llc$,$square mile energy, llc$
$legacy exploration, llc i$,$legacy exploration, llc i$
$delta co2, llc$,$delta co2, llc$
$alpha shale resource, lp$,$alpha shale resource, lp$
$ares energy ltd$,$ares energy ltd$
$atoka operating permian, llc$,$atoka operating permian, llc$
$pecos operating company, llc$,$pecos operating company, llc$
$vess oil corp$,$vess oil corp$
$gordy oil company$,$gordy oil company$
$maverick operating, llc$,$maverick operating, llc$
$np resources$,$np resources$
$petex$,$petex$
$txp, inc.$,$txp, inc.$
$gunnison energy corporation$,$gunnison energy corporation$
$h&l exploration company, llc$,$h&l exploration company, llc$
$citrus energy corporation$,$citrus energy corporation$
$fortuna resources development, llc$,$fortuna resources development, llc$
$kgh operating company$,$kgh operating company$
$atalaya resources, llc$,$atalaya resources, llc$
$stanolind operating llc$,$stanolind operating llc$
$vantage energy appalachia llc$,$vantage energy appalachia llc$
$beacon e&p company, llc$,$beacon e&p company, llc$
$sunray operating co. inc.$,$sunray operating co. inc.$
$djr operating, llc$,$djr operating, llc$
$best petroleum explorations, inc.$,$best petroleum explorations, inc.$
$ranken energy corporation$,$ranken energy corporation$
$empresa energy llc$,$empresa energy llc$
$rock creek resources, llc$,$rock creek resources, llc$
$rock creek resources, llc$,$rocky creek resources, llc$
$wagon wheel arklatex, llc$,$wagon wheel arklatex, llc$
$molopo energy texas, llc$,$molopo energy texas, llc$
$ray richey managment company, inc.$,$ray richey managment company, inc.$
$crimson energy partners iii, llc$,$crimson energy partners iii, llc$
$xanadu exploration company$,$xanadu exploration company$
$kovar operating, llc$,$kovar operating, llc$
$new century operating, llc$,$new century operating, llc$
$atlas resource partners, lp$,$atlas resource partners, lp$
$staghorn petroleum, llc$,$staghorn petroleum, llc$
$western chief operating, llc$,$western chief operating, llc$
$advance energy partners hat mesa llc$,$advance energy partners hat mesa llc$
$avalon operating, llc$,$avalon operating, llc$
$king operating corp.$,$king operating corp.$
$paul burton, llc$,$paul burton, llc$
$piedra operating, llc$,$piedra operating, llc$
$ergon exploration$,$ergon exploration$
$western oil and gas development corp.$,$western oil and gas development corp.$
$ranger  o&g$,$ranger  o&g$
$meade energy corp.$,$meade energy corp.$
$osborn heirs company$,$osborn heirs company$
$aexco petroleum inc.$,$aexco petroleum inc.$
$hibernia resources, llc$,$hibernia resources, llc$
$grenadier energy partners ii$,$grenadier energy partners ii$
$kinder morgan tejas pipeline, llc$,$kinder morgan tejas pipeline, llc$
$woodbine production corp$,$woodbine production corp$
$cornerstone natural resources$,$cornerstone natural resources$
$petropoint energy operating, llc.$,$petropoint energy operating, llc.$
$daylight petroleum llc$,$daylight petroleum llc$
$wildhorse operating company$,$wildhorse operating company$
$butkin oil company, llc$,$butkin oil company, llc$
$manti tarka permian$,$manti tarka permian$
$triana energy$,$triana energy$
$cummings oil company$,$cummings oil company$
$nemo fund i, llc$,$nemo fund i, llc$
$anschutz exploration corporation$,$anschutz exploration corporation$
$telesis operating co., inc.$,$telesis operating co., inc.$
$the edmar company, llc$,$the edmar company, llc$
$geosurveys, inc.$,$geosurveys, inc.$
$carmony exploration, llc$,$carmony exploration, llc$
$tru operating llc.$,$tru operating llc.$
$gha barnett, llc$,$gha barnett, llc$
$laramie energy ii, llc$,$laramie energy ii, llc$
$tanos exploration, llc$,$tanos exploration, llc$
$dominion natural resources, llc$,$dominion natural resources, llc$
$silver oak energy, llc$,$silver oak energy, llc$
$forestar$,$forestar$
$hunt marcellus operating company$,$hunt marcellus operating company$
$covenant operating, llc$,$covenant operating, llc$
$robert l. bayless, producer llc$,$robert l. bayless, producer llc$
$fletcher petroleum corp.$,$fletcher petroleum corp.$
$huntington energy, l.l.c.$,$huntington energy, l.l.c.$
$arrow rock energy, llc$,$arrow rock energy, llc$
$adventure operating company, llc$,$adventure operating company, llc$
$caribou operating, inc.$,$caribou operating, inc.$
$arrowhead energy inc.$,$arrowhead energy inc.$
$ch4 energy ii, llc$,$ch4 energy ii, llc$
$stephens energy group llc$,$stephens energy group llc$
$east cheyenne gas storage, llc$,$east cheyenne gas storage, llc$
$black diamond minerals llc$,$black diamond minerals llc$
$aurora usa developement, llc$,$aurora usa developement, llc$
$venado operating company llc$,$venado operating company llc$
$bright horizon resources$,$bright horizon resources$
$maverick brothers resources,llc$,$maverick brothers resources,llc$
$mm energy, inc.$,$mm energy, inc.$
$magnum producing, lp$,$magnum producing, lp$
$equinor energy lp$,$equinor energy lp$
$pcore exploration & production llc$,$pcore exploration & production llc$
$dakota resources, inc.$,$dakota resources, inc.$
$condor energy technology llc$,$condor energy technology llc$
$midland oil and gas, inc.$,$midland oil and gas, inc.$
$greg hall oil and gas$,$greg hall oil and gas$
$wolverine gas & oil company of utah, llc$,$wolverine gas & oil company of utah, llc$
$basa resources, inc.$,$basa resources, inc.$
$hebron energy, llc$,$hebron energy, llc$
$pursuit oil & gas, llc$,$pursuit oil & gas, llc$
$black creek oil company, llc$,$black creek oil company, llc$
$teakwood operating llc$,$teakwood operating llc$
$riley exploration, llc$,$riley exploration, llc$
$heights energy corporation$,$heights energy corporation$
$recoil resources operating inc.$,$recoil resources operating inc.$
$v-f petroleum inc.$,$v-f petroleum inc.$
$siena natural resources$,$siena natural resources$
$texxol operating company$,$texxol operating company$
$denali oil & gas management$,$denali oil & gas management$
$fortay, inc.$,$fortay, inc.$
$millennial energy partners$,$millennial energy partners$
$b&w operating, llc$,$b&w operating, llc$
$yale oil association, inc.$,$yale oil association, inc.$
$grynberg petroleum$,$grynberg petroleum$
$hall & ross resources$,$hall & ross resources$
$bratco operating company$,$bratco operating company$
$blue chip oil inc$,$blue chip oil inc$
$atlantic resources company llc$,$atlantic resources company llc$
$boaz energy, llc.$,$boaz energy, llc.$
$central resources, inc.$,$central resources, inc.$
$incline energy$,$incline energy$
$headington oil company$,$headington oil company$
$far west development, llc$,$far west development, llc$
$aztec drilling & operating, llc$,$aztec drilling & operating, llc$
$iron star energy, llc$,$iron star energy, llc$
$gunnison energy llc$,$gunnison energy llc$
$roundtree & associates, inc.$,$roundtree & associates, inc.$
$jetta operating compnay, inc$,$jetta operating compnay, inc$
$sahara operating company$,$sahara operating company$
$driftwood energy operating, llc$,$driftwood energy operating, llc$
$dick lindsay oil co$,$dick lindsay oil co$
$williford energy company$,$williford energy company$
$campbell oil & gas. inc$,$campbell oil & gas. inc$
$bend petroleum corp$,$bend petroleum corp$
$jm cox resources, l.p.$,$jm cox resources, l.p.$
$mohican operating$,$mohican operating$
$paloma resources, llc$,$paloma resources, llc$
$dewbre petroleum corporation$,$dewbre petroleum corporation$
$rg exploration llc\rgx$,$rg exploration llc\rgx$
$manzano, llc$,$manzano, llc$
$peak texas resources, llc$,$peak texas resources, llc$
$atoka operating, inc.$,$atoka operating, inc.$
$true wolf operating, llc$,$true wolf operating, llc$
$jerry hess operating company$,$jerry hess operating company$
$foree oil company$,$foree oil company$
$hw operating, llc$,$hw operating, llc$
$ascent resources - marcellus, llc$,$ascent resources - marcellus, llc$
$blue water tpx operating co., llc$,$blue water tpx operating co., llc$
$b&l exploration, l.l.c.$,$b&l exploration, l.l.c.$
$pruet production co.$,$pruet production co.$
$osage exploration and develpoment, inc.$,$osage exploration and develpoment, inc.$
$mallard exploration$,$mallard exploration$
$ventex operating corp.$,$ventex operating corp.$
$texakoma operating, l.p.$,$texakoma operating, l.p.$
$par minerals corp$,$par minerals corp$
$banner oil & gas, llc$,$banner oil & gas, llc$
$the termo company$,$the termo company$
$silver creek permian op co, llc$,$silver creek permian op co, llc$
$craig elder oil and gas, l.l.c.$,$craig elder oil and gas, l.l.c.$
$flint interest, llc$,$flint interest, llc$
$enterprise energy exploration inc.$,$enterprise energy exploration inc.$
$figure 3 operating llc$,$figure 3 operating llc$
$trek resources, inc.$,$trek resources, inc.$
$postrock energy corp.$,$postrock energy corp.$
$ew energy operator, llc$,$ew energy operator, llc$
$wellstar corporation$,$wellstar corporation$
$wachob oil & gas llc$,$wachob oil & gas llc$
$western operating company$,$western operating company$
$appaloosa operating company llc$,$appaloosa operating company llc$
$garry davis oil, llc$,$garry davis oil, llc$
$highlands natural resources$,$highlands natural resources$
$dejour energy (usa) corp.$,$dejour energy (usa) corp.$
$warren e&p, inc.$,$warren e&p, inc.$
$peak powder river resources, llc$,$peak powder river resources, llc$
$breck operating corp.$,$breck operating corp.$
$white butte oil co.$,$white butte oil co.$
$poblano energy llc$,$poblano energy llc$
$midenergy operating, llc$,$midenergy operating, llc$
$colgate operating, llc$,$colgate operating, llc$
$r2q operating llc$,$r2q operating llc$
$shenandoah resources, llc$,$shenandoah resources, llc$
$ztc petro investments lp$,$ztc petro investments lp$
$muskegon development company$,$muskegon development company$
$neches exploration, l.l.c.$,$neches exploration, l.l.c.$
$wp oil, llc$,$wp oil, llc$
$cartledge oil company$,$cartledge oil company$
$cher oil company, ltd.$,$cher oil company, ltd.$
$red willow production company$,$red willow production company$
$pitts energy co$,$pitts energy co$
$read & stevens, inc.$,$read & stevens, inc.$
$blx, inc.$,$blx, inc.$
$blue quail , ltd$,$blue quail , ltd$
$llewellin operating company, llc$,$llewellin operating company, llc$
$top operating co.$,$top operating co.$
$reeder energy$,$reeder energy$
$overland resources llc$,$overland resources llc$
$sonerra resources corporation$,$sonerra resources corporation$
$bluecrest alaska operating llc$,$bluecrest alaska operating llc$
$vaalco energy (usa), inc.$,$vaalco energy (usa), inc.$
$nickel road operating llc$,$nickel road operating llc$
$petrogulf corportation$,$petrogulf corportation$
$avalon exploration, inc.$,$avalon exploration, inc.$
$stanolind production llc$,$stanolind production llc$
$williston hunter nd llc$,$williston hunter nd llc$
$oneenergy partners operating, llc$,$oneenergy partners operating, llc$
$parten operating, inc.$,$parten operating, inc.$
$highmark energy operating llc$,$highmark energy operating llc$
$la vernia oil$,$la vernia oil$
$clear water, inc.$,$clear water, inc.$
$imperial gas resources, llc$,$imperial gas resources, llc$
$milagro exploration, llc$,$milagro exploration, llc$
$strata production company$,$strata production company$
$e. n. patton oil company, inc.$,$e. n. patton oil company, inc.$
$braka operating, llc$,$braka operating, llc$
$energy management co.$,$energy management co.$
$osage exploration and development$,$osage exploration and development$
$ladd oil & gas corporation$,$ladd oil & gas corporation$
$bennett resources, inc.$,$bennett resources, inc.$
$gmx resources$,$gmx resources$
$performance operating company$,$performance operating company$
$bkv operating llc$,$bkv operating llc$
$rmd$,$rmd$
$twisted oak operating, llc$,$twisted oak operating, llc$
$lakeshore operating, llc$,$lakeshore operating, llc$
$antioch operating, llc$,$antioch operating, llc$
$paladin petroleum iii llc$,$paladin petroleum iii llc$
$j-d-o oil co.$,$j-d-o oil co.$
$arabella petroleum$,$arabella petroleum$
$periscope operating llc$,$periscope operating llc$
$viceroy petroleum$,$viceroy petroleum$
$lp operating, llc$,$lp operating, llc$
$pico niobrara llc$,$pico niobrara llc$
$gateway resources usa inc$,$gateway resources usa inc$
$monarch energy co., llc$,$monarch energy co., llc$
$davidson energy, inc.$,$davidson energy, inc.$
$cinco oil & gas, llc$,$cinco oil & gas, llc$
$ngo development corporation$,$ngo development corporation$
$fontainebleau operating, llc$,$fontainebleau operating, llc$
$sooner oil and gas mgt inc$,$sooner oil and gas mgt inc$
$choate disposal services llc$,$choate disposal services llc$
$platinum energy solutions$,$platinum energy solutions$
$charger oil & gas llc$,$charger oil & gas llc$
$tillman consulting llc, dba b&c operating$,$tillman consulting llc, dba b&c operating$
$ameredev llc$,$ameredev llc$
$union valley petroleum corp$,$union valley petroleum corp$
$kelly cook oil llc$,$kelly cook oil llc$
$brix operating llc$,$brix operating llc$
$b. r. polk, inc.$,$b. r. polk, inc.$
$metano energy iii, lp$,$metano energy iii, lp$
$5l properties, inc.$,$5l properties, inc.$
$moriah operating, llc$,$moriah operating, llc$
$opus operating ii llc$,$opus operating ii llc$
$fox northeastern oil & gas corporation$,$fox northeastern oil & gas corporation$
$ramtex energy llc$,$ramtex energy llc$
$enduro operating ii llc$,$enduro operating ii llc$
$schlachter operating corp.$,$schlachter operating corp.$
$mt. dora energy$,$mt. dora energy$
$sovereign operating company llc$,$sovereign operating company llc$
$triumph exploration, inc.$,$triumph exploration, inc.$
$carl e. gungoll exploration llc$,$carl e. gungoll exploration llc$
$marjo operating mid-continent, llc$,$marjo operating mid-continent, llc$
$eagle hydrocarbons inc.$,$eagle hydrocarbons inc.$
$bays exploration, inc.$,$bays exploration, inc.$
$stovall operating co.$,$stovall operating co.$
$silver tusk operating co. llc$,$silver tusk operating co. llc$
$petrox resources inc.$,$petrox resources inc.$
$propel energy, llc$,$propel energy, llc$
$cap energy$,$cap energy$
$revelation gas & oil oklahoma$,$revelation gas & oil oklahoma$
$payrock ii, llc$,$payrock ii, llc$
$cr3 operating company llc$,$cr3 operating company llc$
$estancia oil & gas, llc$,$estancia oil & gas, llc$
$petro-guard production llc$,$petro-guard production llc$
$trendwell energy corp$,$trendwell energy corp$
$juniper resources exploration company, llc$,$juniper resources exploration company, llc$
$covington oil co., inc.$,$covington oil co., inc.$
$pedestal oil company, inc.$,$pedestal oil company, inc.$
$longs peak energy$,$longs peak energy$
$lone star land & energy ii$,$lone star land & energy ii$
$3-m energy corporation$,$3-m energy corporation$
$cazar energy, inc.$,$cazar energy, inc.$
$future acquisition company, llc$,$future acquisition company, llc$
$entek grb llc$,$entek grb llc$
$bnk petroleum (us) inc.$,$bnk petroleum (us) inc.$
$americo energy resources, llc$,$americo energy resources, llc$
$f. howard walsh, jr. operating co., inc.$,$f. howard walsh, jr. operating co., inc.$
$hulen operating company$,$hulen operating company$
$twilight energy llc$,$twilight energy llc$
$manti exploration operating llc$,$manti exploration operating llc$
$activa resources, llc$,$activa resources, llc$
$ka energy op co., llc$,$ka energy op co., llc$
$m. e. operating and services, inc.$,$m. e. operating and services, inc.$
$ohio valley energy systems corp.$,$ohio valley energy systems corp.$
$south sands exploration, llc$,$south sands exploration, llc$
$venado oil & gas, llc$,$venado oil & gas, llc$
$sauder management company$,$sauder management company$
$sutton producing corp.$,$sutton producing corp.$
$keen resources llc$,$keen resources llc$
$lane operating company$,$lane operating company$
$johnson & ernst operating co.$,$johnson & ernst operating co.$
$burleson petroleum, inc.$,$burleson petroleum, inc.$
$src energy$,$src energy$
$copestone operating llc$,$copestone operating llc$
$weinkauf petroleum, inc.$,$weinkauf petroleum, inc.$
$stone oak operating, llc$,$stone oak operating, llc$
$rebellion energy$,$rebellion energy$
$tundra operating, llc$,$tundra operating, llc$
$aog operating, llc$,$aog operating, llc$
$black mountain oil & gas ii, llc$,$black mountain oil & gas ii, llc$
$trp energy$,$trp energy$
$thompson engineering and production corp.$,$thompson engineering and production corp.$
$goza lucerne prospect, llc$,$goza lucerne prospect, llc$
$bmr ii$,$bmr ii$
$basis resources group, llc$,$basis resources group, llc$
$selous energy, llc$,$selous energy, llc$
$keith f. walker oil & gas co., llc$,$keith f. walker oil & gas co., llc$
$strand energy, l.c.$,$strand energy, l.c.$
$marlin energy southwest gp, l.l.c.$,$marlin energy southwest gp, l.l.c.$
$eagle rock operating company, llc$,$eagle rock operating company, llc$
$dexxon, inc.$,$dexxon, inc.$
$cbm gas company llc$,$cbm gas company llc$
$magpie operating, inc$,$magpie operating, inc$
$casa grande exploration company$,$casa grande exploration company$
$hwh drilling llc$,$hwh drilling llc$
$special energy corporation$,$special energy corporation$
$draco energy, inc.$,$draco energy, inc.$
$sutherland energy co., llc$,$sutherland energy co., llc$
$woodward iodine corporation$,$woodward iodine corporation$
$craton alpha llc$,$craton alpha llc$
$sgp operating llc$,$sgp operating llc$
$martin production company$,$martin production company$
$jabsco oil operating, llc$,$jabsco oil operating, llc$
$fair oil, ltd.$,$fair oil, ltd.$
$er operating company$,$er operating company$
$vitol resources inc. of delaware$,$vitol resources inc. of delaware$
$grant canyon oil and gas$,$grant canyon oil and gas$
$trans pacific oil corp.$,$trans pacific oil corp.$
$k.s. oil company$,$k.s. oil company$
$double eagle operating$,$double eagle operating$
$opus operating, llc$,$opus operating, llc$
$relentless permian operating llc$,$relentless permian operating llc$
$trinity river energy operating, llc$,$trinity river energy operating, llc$
$samson oil and gas montana, inc.$,$samson oil and gas montana, inc.$
$arnold oil properties, llc$,$arnold oil properties, llc$
$younger energy company$,$younger energy company$
$matrix petroleum llc$,$matrix petroleum llc$
$little river energy co$,$little river energy co$
$mestena operating, l.l.c.$,$mestena operating, l.l.c.$
$enexco, inc.$,$enexco, inc.$
$international energy corporation$,$international energy corporation$
$wfd oil corporation$,$wfd oil corporation$
$yucca energy, inc.$,$yucca energy, inc.$
$ark-la-tex energy, llc$,$ark-la-tex energy, llc$
$five states energy$,$five states energy$
$j-brex company$,$j-brex company$
$thorp petroleum corporation$,$thorp petroleum corporation$
$musgrove energy inc.$,$musgrove energy inc.$
$appalachian energy, inc.$,$appalachian energy, inc.$
$canan mowrey operating, llc$,$canan mowrey operating, llc$
$betro, inc.$,$betro, inc.$
$cbl resources, llc$,$cbl resources, llc$
$red hawk petroleum, llc$,$red hawk petroleum, llc$
$story oil & gas, inc.$,$story oil & gas, inc.$
$stratex oil & gas holdings inc$,$stratex oil & gas holdings inc$
$arcadia operating, llc$,$arcadia operating, llc$
$pendragon oil co.$,$pendragon oil co.$
$dirnett, inc.$,$dirnett, inc.$
$r. baker oil, llc$,$r. baker oil, llc$
$qstar operating llc$,$qstar operating llc$
$presley operating llc$,$presley operating llc$
$texas secondary oilfield services$,$texas secondary oilfield services$
$sugar creek producing company$,$sugar creek producing company$
$renos land and minerals company$,$renos land and minerals company$
$rainbow seven oil and gas$,$rainbow seven oil and gas$
$ardmore production & exploration co.$,$ardmore production & exploration co.$
$weaver energy corporation$,$weaver energy corporation$
$rki energy resources, llc$,$rki energy resources, llc$
$medders oil company, inc.$,$medders oil company, inc.$
$reynolds e & p, inc$,$reynolds e & p, inc$
$aterra exploration, llc$,$aterra exploration, llc$
$trap rock oil, ltd.$,$trap rock oil, ltd.$
$ogx operating llc$,$ogx operating llc$
$thunderbird resources lp$,$thunderbird resources lp$
$windridge operating llc$,$windridge operating llc$
$jimmy chatham oil & gas$,$jimmy chatham oil & gas$
$rockdale marcellus, llc$,$rockdale marcellus, llc$
$ogp operating, inc.$,$ogp operating, inc.$
$borderline operating corp$,$borderline operating corp$
$northfield enterprises, inc.$,$northfield enterprises, inc.$
$dgp energy$,$dgp energy$
$hurd enterprises$,$hurd enterprises$
$j l watkins$,$j l watkins$
$national fuel corporation$,$national fuel corporation$
$mego resources, llc$,$mego resources, llc$
$brahman resource partners llc$,$brahman resource partners llc$
$augustus energy partners ii, llc$,$augustus energy partners ii, llc$
$northstar gas company, inc.$,$northstar gas company, inc.$
$great plains operating, llc$,$great plains operating, llc$
$schneider energy services$,$schneider energy services$
$william h. lackey oil & gas operating co.$,$william h. lackey oil & gas operating co.$
$chuza oil company$,$chuza oil company$
$mammoth exploration, llc$,$mammoth exploration, llc$
$gulf bend resources, llc$,$gulf bend resources, llc$
$bls production co., inc.$,$bls production co., inc.$
$eastco operating, llc$,$eastco operating, llc$
$katsco energy, inc.$,$katsco energy, inc.$
$texoz e&p i, inc.$,$texoz e&p i, inc.$
$pennington operating company, llc$,$pennington operating company, llc$
$c6 operating, llc$,$c6 operating, llc$
$itexco texas, llc$,$itexco texas, llc$
$cook inlet energy$,$cook inlet energy$
$waterloo exploration, llc$,$waterloo exploration, llc$
$cimarron engineering llc$,$cimarron engineering llc$
$dallas petroleum group, llc$,$dallas petroleum group, llc$
$douglas q. jones, llc$,$douglas q. jones, llc$
$jb production llc$,$jb production llc$
$mlc operating, lp$,$mlc operating, lp$
$huntley &amp; huntley energy exploration$,$huntley &amp; huntley energy exploration$
$petron energy ii, inc.$,$petron energy ii, inc.$
$cornerstone petroleum operating, llc$,$cornerstone petroleum operating, llc$
$black crown energy, llc$,$black crown energy, llc$
$cypress operating, inc.$,$cypress operating, inc.$
$dgp energy, llc$,$dgp energy, llc$
$bison exploration, llc$,$bison exploration, llc$
$sv energy company, llc$,$sv energy company, llc$
$hamman oil and refining company$,$hamman oil and refining company$
$mustang creek energy llc$,$mustang creek energy llc$
$pollok energy$,$pollok energy$
$peak permian, llc$,$peak permian, llc$
$midland energy inc.$,$midland energy inc.$
$mertz energy llc$,$mertz energy llc$
$horst energy llc$,$horst energy llc$
$j&j production co., llc$,$j&j production co., llc$
$reid williams operating, inc.$,$reid williams operating, inc.$
$vantage - uinta llc$,$vantage - uinta llc$
$orca operating company, llc$,$orca operating company, llc$
$lewis oil operations, llc$,$lewis oil operations, llc$
$neok production co., llc$,$neok production co., llc$
$centrex operating co$,$centrex operating co$
$corda corporation$,$corda corporation$
$cp exploration$,$cp exploration$
$fossil resources, inc.$,$fossil resources, inc.$
$sep - ok 1 llc$,$sep - ok 1 llc$
$ccrp operating, inc.$,$ccrp operating, inc.$
$seidler oil & gas operating, llc$,$seidler oil & gas operating, llc$
$mackellar inc$,$mackellar inc$
$union gas operating company$,$union gas operating company$
$sellers lease service, inc$,$sellers lease service, inc$
$aurora power resources, inc.$,$aurora power resources, inc.$
$energy hunter resources, inc.$,$energy hunter resources, inc.$
$hazelwood production & exploration company, llc$,$hazelwood production & exploration company, llc$
$pregler oil company, llc$,$pregler oil company, llc$
$running horse production company$,$running horse production company$
$spindletop oil & gas$,$spindletop oil & gas$
$earlsboro energies corp.$,$earlsboro energies corp.$
$rlu operating, llc$,$rlu operating, llc$
$mortimer production company$,$mortimer production company$
$ellis exploration, inc.$,$ellis exploration, inc.$
$dinero operating$,$dinero operating$
$diamondback resources,llc$,$diamondback resources,llc$
$thunder oil & gas, llc$,$thunder oil & gas, llc$
$tdx energy, llc$,$tdx energy, llc$
$gosney & sons, inc.$,$gosney & sons, inc.$
$buckeye oil producing company$,$buckeye oil producing company$
$southlake exploration inc.$,$southlake exploration inc.$
$o'brien oil corporation$,$o'brien oil corporation$
$baron exploration company$,$baron exploration company$
$silverback operating, llc$,$silverback operating, llc$
$arkland producing co., inc.$,$arkland producing co., inc.$
$pearl resources operating co., llc$,$pearl resources operating co., llc$
$united production company, llc$,$united production company, llc$
$primera energy$,$primera energy$
$wesco operating, inc.$,$wesco operating, inc.$
$houston petroleum company$,$houston petroleum company$
$cross creek energy llc$,$cross creek energy llc$
$crimson resource management$,$crimson resource management$
$finney oil company$,$finney oil company$
$inland ocean, inc.$,$inland ocean, inc.$
$rover operating company, llc$,$rover operating company, llc$
$tessera energy, llc$,$tessera energy, llc$
$texas international energy partners$,$texas international energy partners$
$elephant oil & gas$,$elephant oil & gas$
$palm oil & gas company$,$palm oil & gas company$
$grand operating, inc.$,$grand operating, inc.$
$spooner petroleum company$,$spooner petroleum company$
$pop operating company$,$pop operating company$
$blackwell exp & development, llc$,$blackwell exp & development, llc$
$palmer petroleum, inc.$,$palmer petroleum, inc.$
$torch production company, llc$,$torch production company, llc$
$hewitt operating inc.$,$hewitt operating inc.$
$mosbacher energy company$,$mosbacher energy company$
$billy jack sharber operating, llc$,$billy jack sharber operating, llc$
$costa energy, llc$,$costa energy, llc$
$ray herring operating co., llc$,$ray herring operating co., llc$
$savant alaska llc$,$savant alaska llc$
$luca resources group, llc$,$luca resources group, llc$
$antle operating, inc.$,$antle operating, inc.$
$antle operating, inc.$,$antle operating, inc.$
$addax operating, llc.$,$addax operating, llc.$
$atropos exploration company$,$atropos exploration company$
$cooper oil & gas, llc$,$cooper oil & gas, llc$
$fuego energy, llc$,$fuego energy, llc$
$prairie resources llc$,$prairie resources llc$
$titan exploration, llc$,$titan exploration, llc$
$abarta oil & gas co., inc.$,$abarta oil & gas co., inc.$
$toklan oil and gas  corp$,$toklan oil and gas  corp$
$maximus operating, ltd.$,$maximus operating, ltd.$
$nighthawk production llc$,$nighthawk production llc$
$alta vista oil corporation$,$alta vista oil corporation$
$sonterra energy, llc$,$sonterra energy, llc$
$wicklund petroleum, inc.$,$wicklund petroleum, inc.$
$texas presco, inc.$,$texas presco, inc.$
$superior oil & gas, llc$,$superior oil & gas, llc$
$pruitt operating co. llc$,$pruitt operating co. llc$
$cimarron engineering, llc$,$cimarron engineering, llc$
$jolen operating company$,$jolen operating company$
$utah gas corporation$,$utah gas corporation$
$aus-tex exploration, ltd.$,$aus-tex exploration, ltd.$
$crest resources, inc.$,$crest resources, inc.$
$edge barnett operating company llc$,$edge barnett operating company llc$
$lu-ray petroleum, llc$,$lu-ray petroleum, llc$
$red fork production, llc$,$red fork production, llc$
$g.a. hawkins$,$g.a. hawkins$
$luxe operating, llc$,$luxe operating, llc$
$l & m operating, inc.$,$l & m operating, inc.$
$hill-lake gas storage, llc$,$hill-lake gas storage, llc$
$southland royalty company llc$,$southland royalty company llc$
$white eagle oil & gas, llc$,$white eagle oil & gas, llc$
$redbud e&p, inc.$,$redbud e&p, inc.$
$edge energy, llc$,$edge energy, llc$
$arrow oil & gas, llc.$,$arrow oil & gas, llc.$
$echo production, inc.$,$echo production, inc.$
$j & t operating llc$,$j & t operating llc$
$hat creek resources, llc$,$hat creek resources, llc$
$tellurian operating llc$,$tellurian operating llc$
$four c oil and gas corporation$,$four c oil and gas corporation$
$grand mesa operating company$,$grand mesa operating company$
$petrodome operating, llc$,$petrodome operating, llc$
$regeneration energy corp.$,$regeneration energy corp.$
$moon-hines-tigrett operating co., inc.$,$moon-hines-tigrett operating co., inc.$
$laddex, ltd$,$laddex, ltd$
$wagon wheel operating, llc$,$wagon wheel operating, llc$
$xtreme energy co.$,$xtreme energy co.$
$xtreme energy co.$,$xtreme energy co.$
$richland resources corporation$,$richland resources corporation$
$magnet oil lp$,$magnet oil lp$
$magnum energy, inc.$,$magnum energy, inc.$
$the warren corporation$,$the warren corporation$
$cascade petroleum$,$cascade petroleum$
$breitling operating corporation$,$breitling operating corporation$
$evertson operating company$,$evertson operating company$
$evertson operating company$,$evertson operating company$
$matrix oil corporation$,$matrix oil corporation$
$reveille oil & gas operating, llc$,$reveille oil & gas operating, llc$
$crow creek operating co. iii, llc$,$crow creek operating co. iii, llc$
$petroedge energy iii llc$,$petroedge energy iii llc$
$enduro operating llc$,$enduro operating llc$
$arlington petroleum llc$,$arlington petroleum llc$
$hpc energy llc$,$hpc energy llc$
$agave oil & gas, llc$,$agave oil & gas, llc$
$ginnings company$,$ginnings company$
$prospect$,$prospect$
$slant operating$,$slant operating$
$ranchers resources inc.$,$ranchers resources inc.$
$furie operating alaska$,$furie operating alaska$
$lainco, inc.$,$lainco, inc.$
$xpr resources llc$,$xpr resources llc$
$oak valley swd llc$,$oak valley swd llc$
$rp operating, llc$,$rp operating, llc$
$yuma e & p company, inc.$,$yuma e & p company, inc.$
$quartz mountain oil & gas llc$,$quartz mountain oil & gas llc$
$n s p operating group llc$,$n s p operating group llc$
$element petroleum operating, llc$,$element petroleum operating, llc$
$indigo ii louisiana operating, llc$,$indigo ii louisiana operating, llc$
$upham oil & gas company$,$upham oil & gas company$
$continental exploration llc$,$continental exploration llc$
$sue-ann operating, l.c.$,$sue-ann operating, l.c.$
$mesquite swd$,$mesquite swd$
$brooks range petroleum corporation$,$brooks range petroleum corporation$
$tmr exploration, inc.$,$tmr exploration, inc.$
$geurin oil & gas$,$geurin oil & gas$
$steward energy, llc$,$steward energy, llc$
$j.i. staley co., llc$,$j.i. staley co., llc$
$mueller exploration, inc.$,$mueller exploration, inc.$
$swjn oil company$,$swjn oil company$
$allegro investments, inc.$,$allegro investments, inc.$
$novo oil & gas texas, llc$,$novo oil & gas texas, llc$
$bean resources.com$,$bean resources.com$
$nmr energy llc$,$nmr energy llc$
$danick operating usa$,$danick operating usa$
$tidewater operating company inc$,$tidewater operating company inc$
$crose oil company$,$crose oil company$
$crose oil company$,$crose oil company$
$wellco energy, inc.$,$wellco energy, inc.$
$seguro oil and gas llc$,$seguro oil and gas llc$
$moore petroleum investment corp.$,$moore petroleum investment corp.$
$circle 9 resources llc$,$circle 9 resources llc$
$danmark energy lp$,$danmark energy lp$
$jva operating company, inc.$,$jva operating company, inc.$
$pedernales production, lp$,$pedernales production, lp$
$elk petroleum$,$elk petroleum$
$mcoil operating company$,$mcoil operating company$
$marshall & winston, inc.$,$marshall & winston, inc.$
$latigo oil & gas, inc.$,$latigo oil & gas, inc.$
$burk-gunn oil company$,$burk-gunn oil company$
$caraway operating company$,$caraway operating company$
$mendell finisterre ii llc$,$mendell finisterre ii llc$
$sunburst, inc.$,$sunburst, inc.$
$bulldog operating company$,$bulldog operating company$
$fairways exploration & production, llc$,$fairways exploration & production, llc$
$makoil inc$,$makoil inc$
$texon oil company, inc.$,$texon oil company, inc.$
$woodland resources llc$,$woodland resources llc$
$sec production$,$sec production$
$diamond production co., llc$,$diamond production co., llc$
$titan oil & gas$,$titan oil & gas$
$smith energy operating company$,$smith energy operating company$
$felderhoff production co$,$felderhoff production co$
$southwestern energy ventures company llc$,$southwestern energy ventures company llc$
$glen d. gonzenbach, llc$,$glen d. gonzenbach, llc$
$glen d. gonzenbach, llc$,$glen d. gonzenbach, llc$
$glen d. gonzenbach, llc$,$glen d. gonzenbach, llc$
$blackridge resource partners$,$blackridge resource partners$
$viejo energy i, llc$,$viejo energy i, llc$
$southern oklahoma production$,$southern oklahoma production$
$sandalwood exploration, lp$,$sandalwood exploration, lp$
$glimp oil company, llc$,$glimp oil company, llc$
$cw resources, inc.$,$cw resources, inc.$
$anthis land company llc$,$anthis land company llc$
$resaca resources, llc$,$resaca resources, llc$
$hollimon oil corporation$,$hollimon oil corporation$
$hollimon oil corporation$,$hollimon oil corporation$
$hollimon oil corporation$,$hollimon oil corporation$
$hollimon oil corporation$,$hollimon oil corporation$
$halvey energy, llc$,$halvey energy, llc$
$weins oil & gas llc$,$weins oil & gas llc$
$k s oil company, inc$,$k s oil company, inc$
$phoenix oil & gas, inc.$,$phoenix oil & gas, inc.$
$woolsey operating company, llc$,$woolsey operating company, llc$
$stormy 8 operating, llc$,$stormy 8 operating, llc$
$fuller production, inc.$,$fuller production, inc.$
$oil projects, llc$,$oil projects, llc$
$stronghold energy ii operating llc$,$stronghold energy ii operating llc$
$king energy llc$,$king energy llc$
$dyad petroleum company$,$dyad petroleum company$
$dragon oil & gas llc$,$dragon oil & gas llc$
$aschere energy$,$aschere energy$
$tbk energy company$,$tbk energy company$
$gilliland oil & gas, inc.$,$gilliland oil & gas, inc.$
$momentum operating co., inc.$,$momentum operating co., inc.$
$naifco oil & gas, llc$,$naifco oil & gas, llc$
$herd producing company, inc.$,$herd producing company, inc.$
$d&b operating llc$,$d&b operating llc$
$accumulate energy alaska inc$,$accumulate energy alaska inc$
$r e blaik inc$,$r e blaik inc$
$singletree resources, inc.$,$singletree resources, inc.$
$pay dirt energy, llc$,$pay dirt energy, llc$
$k3 oil & gas operating company$,$k3 oil & gas operating company$
$cazador operating, llc$,$cazador operating, llc$
$1776 energy operators$,$1776 energy operators$
$fouts oil & gas, llc$,$fouts oil & gas, llc$
$malone-marsh well$,$malone-marsh well$
$i-mac petroleum service inc.$,$i-mac petroleum service inc.$
$pace operating$,$pace operating$
$pace operating$,$pace operating$
$tabula rasa energy$,$tabula rasa energy$
$farmer operating, llc$,$farmer operating, llc$
$three j energy, inc.$,$three j energy, inc.$
$bridon energy llc$,$bridon energy llc$
$inland operating company$,$inland operating company$
$levant energy llc$,$levant energy llc$
$valley petrol consulting inc$,$valley petrol consulting inc$
$price operating, llc$,$price operating, llc$
$duke gas company, llc$,$duke gas company, llc$
$captiva energy partners llc$,$captiva energy partners llc$
$tripowwer resources, llc$,$tripowwer resources, llc$
$rim operating, inc$,$rim operating, inc$
$dave holke consulting, inc.$,$dave holke consulting, inc.$
$ampak oil company$,$ampak oil company$
$criswell energy, llc$,$criswell energy, llc$
$zargon oil (nd) inc.$,$zargon oil (nd) inc.$
$mountain creek energy, inc.$,$mountain creek energy, inc.$
$mcclure oil co.$,$mcclure oil co.$
$anderson oil ltd$,$anderson oil ltd$
$tex-star production$,$tex-star production$
$meason petroleum llc$,$meason petroleum llc$
$wynn-crosby operating, ltd.$,$wynn-crosby operating, ltd.$
$perkins energy company$,$perkins energy company$
$wn operating, inc.$,$wn operating, inc.$
$rmb operating llc$,$rmb operating llc$
$mackey consulting & leasing llc$,$mackey consulting & leasing llc$
$fossil petroleum, llc$,$fossil petroleum, llc$
$charles p dunning llc$,$charles p dunning llc$
$tfi operating$,$tfi operating$
$butler petroleum, llc$,$butler petroleum, llc$
$j & j production company$,$j & j production company$
$endeavour operating corp$,$endeavour operating corp$
$western production co.$,$western production co.$
$rtb oil,inc.$,$rtb oil,inc.$
$fidgets energy, llc$,$fidgets energy, llc$
$j-lyn oil co.$,$j-lyn oil co.$
$amtex energy, inc$,$amtex energy, inc$
$guinn investments, inc$,$guinn investments, inc$
$southwest resources, inc.$,$southwest resources, inc.$
$jdl operating, llc$,$jdl operating, llc$
$q p, inc.$,$q p, inc.$
$endeavour operating corporation$,$endeavour operating corporation$
$stacy operating llc$,$stacy operating llc$
$bbl operating company, llc$,$bbl operating company, llc$
$aogp, llc$,$aogp, llc$
$rio petroleum, inc.$,$rio petroleum, inc.$
$liberty operating, inc.$,$liberty operating, inc.$
$san angelo operating corp.$,$san angelo operating corp.$
$galt investment company, llc$,$galt investment company, llc$
$woolsey operating co. llc$,$woolsey operating co. llc$
$cornerstone natural resources llc$,$cornerstone natural resources llc$
$mccommons oil company$,$mccommons oil company$
$pacific energy & mining company$,$pacific energy & mining company$
$8 north llc$,$8 north llc$
$texas royalty corp$,$texas royalty corp$
$indian oil co., inc.$,$indian oil co., inc.$
$augustus energy partners, llc$,$augustus energy partners, llc$
$spencer oil company$,$spencer oil company$
$fritzler resources, inc.$,$fritzler resources, inc.$
$aurora operarting, llc$,$aurora operarting, llc$
$aurora operarting, llc$,$aurora operarting, llc$
$eec, inc.$,$eec, inc.$
$lera$,$lera$
$noble resources, inc.$,$noble resources, inc.$
$river rock operating$,$river rock operating$
$rockefeller hughes (usa) llc$,$rockefeller hughes (usa) llc$
$hmd oil co, inc$,$hmd oil co, inc$
$sydson energy, inc$,$sydson energy, inc$
$oil producers, inc. of kansas$,$oil producers, inc. of kansas$
$griggs and bales$,$griggs and bales$
$dore energy co., ltd.$,$dore energy co., ltd.$
$three sands oil, inc.$,$three sands oil, inc.$
$hibernia resources iii$,$hibernia resources iii$
$mcg oil & gas operating, llc$,$mcg oil & gas operating, llc$
$mpb oil & gas$,$mpb oil & gas$
$vaughn good oil co. llc$,$vaughn good oil co. llc$
$leclair operating co., inc.$,$leclair operating co., inc.$
$johanson oil$,$johanson oil$
$d.j.f. services, inc.$,$d.j.f. services, inc.$
$prentice oil company llc$,$prentice oil company llc$
$stingray oil company, inc.$,$stingray oil company, inc.$
$rg exploration llc$,$rg exploration llc$
$hillcrest petroleum, llc$,$hillcrest petroleum, llc$
$acadia oil, llc$,$acadia oil, llc$
$winchester oil & gas$,$winchester oil & gas$
$kaler energy corp.$,$kaler energy corp.$
$94 operating, lp$,$94 operating, lp$
$gus jones cable tool service llc$,$gus jones cable tool service llc$
$lapetco inc$,$lapetco inc$
$c & c productions, llc$,$c & c productions, llc$
$macha enterprises inc$,$macha enterprises inc$
$cirrus production company$,$cirrus production company$
$dove oil corporation$,$dove oil corporation$
$demco oil and gas company$,$demco oil and gas company$
$silver spike energy$,$silver spike energy$
$production resources, inc.$,$production resources, inc.$
$cie$,$cie$
$ranchers exploration partners, llc$,$ranchers exploration partners, llc$
$petrobal omega 1, llc$,$petrobal omega 1, llc$
$mr.$,$mr.$
$australis tms inc.$,$australis tms inc.$
$equinor texas onshore properties llc$,$equinor texas onshore properties llc$
$equinor usa onshore properties inc.$,$equinor usa onshore properties inc.$
$revolution resources$,$revolution resources$
$crd operating, llc$,$crd operating, llc$
$maxim energy corporation$,$maxim energy corporation$
$crowheart energy, llc$,$crowheart energy, llc$
$murchison oil and gas, llc$,$murchison oil and gas, llc$
$petrolegacy energy ii, llc$,$petrolegacy energy ii, llc$
$tap rock resources$,$tap rock resources$
$petro operating company, llc$,$petro operating company, llc$
$oil search alaska, llc$,$oil search alaska, llc$
$mercury operating, llc$,$mercury operating, llc$
$new century exploration, inc.$,$new century exploration, inc.$
$extech operating, llc$,$extech operating, llc$
$sloan petroleum inc.$,$sloan petroleum inc.$
$texas south operating company$,$texas south operating company$
$navidad operating company, llc$,$navidad operating company, llc$
$siltstone resources operating ii, llc$,$siltstone resources operating ii, llc$
$curl creek enterprises$,$curl creek enterprises$
$riviera operating, llc$,$riviera operating, llc$
$atx energy partners, llc$,$atx energy partners, llc$
$2015 oil, llc$,$2015 oil, llc$
$pak energy llc$,$pak energy llc$
$hopewell operating, inc.$,$hopewell operating, inc.$
$toc oil inc.$,$toc oil inc.$
$superior production llc$,$superior production llc$
$am idaho$,$am idaho$
$red oak oil company, llc$,$red oak oil company, llc$
